Workbook

Sheet 01_README
A1: Binance Web3 Wallet — QA Manual Test Pack
A3: Purpose | B3: Structured manual test cases for Binance Web3 Wallet / keyless wallet flows, focused on wallet creation, backup & restore, security, assets/networks, send/receive, dApp connection, and transaction signing.
A4: Role Alignment | B4: Designed to reflect Senior QA Engineer - Web3 Wallet expectations: backend-aware QA thinking, defect analysis, functional investigation, and high-risk transaction validation.
A5: Coverage | B5: Wallet setup, MPC / backup / recovery, single-device access, send/receive tokens, network selection, failed transaction gas handling, dApp connection, and signing approval/rejection flows.
A6: Execution | B6: Use module sheets to record Actual Result, Status, Tested By, Test Date, and Defect ID / Notes. Summary sheet auto-calculates execution and pass metrics.
A7: Source 1 | B7: https://www.binance.com/en/web3wallet
A8: Source 2 | B8: https://www.binance.com/en/support/faq/detail/5a3fc86a702b43e1a4a398ebd8853b77
A9: Source 3 | B9: https://www.binance.com/en/support/faq/detail/4efebcb9a937417ca31baa2f7754c50f
A10: Source 4 | B10: https://www.binance.com/en/support/faq/detail/53521dedad474c908ec3761a935cb8d6
A11: Source 5 | B11: https://www.binance.com/en/support/faq/detail/02f7eb872eca4a1ea44c775767170d13

Sheet 02_Summary
A1: Execution Summary & Pass/Fail Tracking
L2: Quick KPIs
A3: Module Sheet | B3: Module | C3: Total Cases | D3: Pass | E3: Fail | F3: Blocked | G3: Not Run | H3: Executed | I3: Execution % | J3: Pass %
A4: 10_Wallet_Setup | B4: Wallet Setup | C4: =COUNTA('10_Wallet_Setup'!$A:$A)-2 -> 6 | D4: =COUNTIF('10_Wallet_Setup'!$L:$L,"Pass") -> 0 | E4: =COUNTIF('10_Wallet_Setup'!$L:$L,"Fail") -> 0 | F4: =COUNTIF('10_Wallet_Setup'!$L:$L,"Blocked") -> 0 | G4: =COUNTIF('10_Wallet_Setup'!$L:$L,"Not Run") -> 6 | H4: =SUM(D4:F4) -> 0 | I4: =IF(C4=0,0,H4/C4) -> 0 | J4: =IF(H4=0,0,D4/H4) -> 0 | L4: Total Cases | M4: =C11 -> 43
A5: 20_Backup_Recovery | B5: Backup & Recovery | C5: =COUNTA('20_Backup_Recovery'!$A:$A)-2 -> 7 | D5: =COUNTIF('20_Backup_Recovery'!$L:$L,"Pass") -> 0 | E5: =COUNTIF('20_Backup_Recovery'!$L:$L,"Fail") -> 0 | F5: =COUNTIF('20_Backup_Recovery'!$L:$L,"Blocked") -> 0 | G5: =COUNTIF('20_Backup_Recovery'!$L:$L,"Not Run") -> 7 | H5: =SUM(D5:F5) -> 0 | I5: =IF(C5=0,0,H5/C5) -> 0 | J5: =IF(H5=0,0,D5/H5) -> 0 | L5: Executed | M5: =H11 -> 0
A6: 30_Security_Access | B6: Security & Access | C6: =COUNTA('30_Security_Access'!$A:$A)-2 -> 6 | D6: =COUNTIF('30_Security_Access'!$L:$L,"Pass") -> 0 | E6: =COUNTIF('30_Security_Access'!$L:$L,"Fail") -> 0 | F6: =COUNTIF('30_Security_Access'!$L:$L,"Blocked") -> 0 | G6: =COUNTIF('30_Security_Access'!$L:$L,"Not Run") -> 6 | H6: =SUM(D6:F6) -> 0 | I6: =IF(C6=0,0,H6/C6) -> 0 | J6: =IF(H6=0,0,D6/H6) -> 0 | L6: Pass | M6: =D11 -> 0
A7: 40_Assets_Networks | B7: Assets & Networks | C7: =COUNTA('40_Assets_Networks'!$A:$A)-2 -> 6 | D7: =COUNTIF('40_Assets_Networks'!$L:$L,"Pass") -> 0 | E7: =COUNTIF('40_Assets_Networks'!$L:$L,"Fail") -> 0 | F7: =COUNTIF('40_Assets_Networks'!$L:$L,"Blocked") -> 0 | G7: =COUNTIF('40_Assets_Networks'!$L:$L,"Not Run") -> 6 | H7: =SUM(D7:F7) -> 0 | I7: =IF(C7=0,0,H7/C7) -> 0 | J7: =IF(H7=0,0,D7/H7) -> 0 | L7: Fail | M7: =E11 -> 0
A8: 50_Send_Receive | B8: Send & Receive | C8: =COUNTA('50_Send_Receive'!$A:$A)-2 -> 7 | D8: =COUNTIF('50_Send_Receive'!$L:$L,"Pass") -> 0 | E8: =COUNTIF('50_Send_Receive'!$L:$L,"Fail") -> 0 | F8: =COUNTIF('50_Send_Receive'!$L:$L,"Blocked") -> 0 | G8: =COUNTIF('50_Send_Receive'!$L:$L,"Not Run") -> 7 | H8: =SUM(D8:F8) -> 0 | I8: =IF(C8=0,0,H8/C8) -> 0 | J8: =IF(H8=0,0,D8/H8) -> 0 | L8: Blocked | M8: =F11 -> 0
A9: 60_DApp_Signing | B9: dApp Connection & Signing | C9: =COUNTA('60_DApp_Signing'!$A:$A)-2 -> 6 | D9: =COUNTIF('60_DApp_Signing'!$L:$L,"Pass") -> 0 | E9: =COUNTIF('60_DApp_Signing'!$L:$L,"Fail") -> 0 | F9: =COUNTIF('60_DApp_Signing'!$L:$L,"Blocked") -> 0 | G9: =COUNTIF('60_DApp_Signing'!$L:$L,"Not Run") -> 6 | H9: =SUM(D9:F9) -> 0 | I9: =IF(C9=0,0,H9/C9) -> 0 | J9: =IF(H9=0,0,D9/H9) -> 0 | L9: Not Run | M9: =G11 -> 43
A10: 70_E2E | B10: End-to-End Web3 Wallet | C10: =COUNTA('70_E2E'!$A:$A)-2 -> 5 | D10: =COUNTIF('70_E2E'!$L:$L,"Pass") -> 0 | E10: =COUNTIF('70_E2E'!$L:$L,"Fail") -> 0 | F10: =COUNTIF('70_E2E'!$L:$L,"Blocked") -> 0 | G10: =COUNTIF('70_E2E'!$L:$L,"Not Run") -> 5 | H10: =SUM(D10:F10) -> 0 | I10: =IF(C10=0,0,H10/C10) -> 0 | J10: =IF(H10=0,0,D10/H10) -> 0 | L10: Pass % | M10: =J11 -> 0
A11: TOTAL | B11: All Modules | C11: =SUM(C4:C10) -> 43 | D11: =SUM(D4:D10) -> 0 | E11: =SUM(E4:E10) -> 0 | F11: =SUM(F4:F10) -> 0 | G11: =SUM(G4:G10) -> 43 | H11: =SUM(H4:H10) -> 0 | I11: =IF(C11=0,0,H11/C11) -> 0 | J11: =IF(H11=0,0,D11/H11) -> 0

Sheet 10_Wallet_Setup
A1: Wallet Setup — Manual Test Cases
A2: Test Case ID | B2: Module | C2: Submodule | D2: Scenario / Title | E2: Preconditions | F2: Test Steps | G2: Test Data | H2: Expected Result | I2: Priority | J2: Type | K2: Actual Result | L2: Status | M2: Tested By | N2: Test Date | O2: Defect ID / Notes
A3: WAL-001 | B3: Wallet Setup | C3: Create keyless wallet | D3: User can create a new Binance keyless wallet from supported app flow | E3: User is logged in to Binance app and has access to Web3 Wallet entry point | F3: 1. Open Binance app 2. Navigate to Web3 Wallet 3. Start wallet creation 4. Confirm backup prompt or setup flow | G3: Valid logged-in account | H3: Wallet is created successfully and wallet home / assets view is displayed | I3: High | J3: Positive | L3: Not Run
A4: WAL-002 | B4: Wallet Setup | C4: MPC initialization | D4: Wallet creation generates required security setup and backup prompts | E4: User starts first-time wallet creation | F4: 1. Start wallet creation 2. Review recovery password / backup steps 3. Proceed through setup | G4: New wallet creation flow | H4: System requires security setup before wallet is marked ready for use | I4: High | J4: Positive | L4: Not Run
A5: WAL-003 | B5: Wallet Setup | C5: Recovery password policy | D5: System rejects weak or non-compliant recovery password during setup | E5: User is at recovery password step | F5: 1. Enter weak recovery password 2. Confirm password 3. Submit | G5: Weak recovery password | H5: Validation message is shown and wallet setup cannot continue until policy is met | I5: High | J5: Negative | L5: Not Run
A6: WAL-004 | B6: Wallet Setup | C6: Passkey / biometric confirmation | D6: Wallet creation respects device-level confirmation requirements when enabled | E6: Supported device security is configured | F6: 1. Start wallet creation 2. Trigger passkey / biometric confirmation 3. Approve request | G6: Valid biometric / passkey | H6: Wallet setup continues only after successful local device confirmation | I6: Medium | J6: Positive | L6: Not Run
A7: WAL-005 | B7: Wallet Setup | C7: Flow interruption | D7: User can safely resume or restart wallet setup after interruption before completion | E7: User exits app during setup before completion | F7: 1. Begin wallet setup 2. Close app before final confirmation 3. Reopen app 4. Return to wallet flow | G7: Interrupted setup | H7: System either resumes safely or restarts cleanly without creating duplicate / corrupted wallet state | I7: High | J7: Negative | L7: Not Run
A8: WAL-006 | B8: Wallet Setup | C8: Unsupported entry state | D8: System shows controlled error when wallet setup prerequisites are missing or app version is unsupported | E8: Use outdated app or unsupported environment | F8: 1. Attempt to access wallet creation from unsupported environment 2. Observe response | G8: Outdated app / unsupported build | H8: System shows clear blocking message instead of broken or partial setup flow | I8: Medium | J8: Negative | L8: Not Run

Sheet 20_Backup_Recovery
A1: Backup & Recovery — Manual Test Cases
A2: Test Case ID | B2: Module | C2: Submodule | D2: Scenario / Title | E2: Preconditions | F2: Test Steps | G2: Test Data | H2: Expected Result | I2: Priority | J2: Type | K2: Actual Result | L2: Status | M2: Tested By | N2: Test Date | O2: Defect ID / Notes
A3: BKP-001 | B3: Backup & Recovery | C3: Cloud backup | D3: User can back up wallet using supported backup method | E3: Wallet already exists and user is authenticated | F3: 1. Open Wallet Management 2. Tap Backup Management 3. Select supported backup option 4. Complete backup flow | G3: Valid cloud storage access / password | H3: Backup completes successfully and wallet shows protected / backed-up status | I3: High | J3: Positive | L3: Not Run
A4: BKP-002 | B4: Backup & Recovery | C4: Backup again | D4: User can generate a new backup using Back Up Again without damaging existing wallet access | E4: Wallet already exists and has prior backup | F4: 1. Open Backup Management 2. Choose Back Up Again 3. Complete new backup flow | G4: Existing wallet with prior backup | H4: New backup is created successfully and wallet remains accessible | I4: Medium | J4: Positive | L4: Not Run
A5: BKP-003 | B5: Backup & Recovery | C5: Restore on new device | D5: User can restore wallet on a new device using cloud service and recovery password | E5: Wallet was previously backed up and user has correct recovery password | F5: 1. Install Binance app on new device 2. Log in 3. Choose restore wallet 4. Connect to same cloud service 5. Enter recovery password | G5: Valid cloud account and recovery password | H5: Wallet is restored successfully on new device and assets / settings are recoverable | I5: High | J5: Positive | L5: Not Run
A6: BKP-004 | B6: Backup & Recovery | C6: Wrong recovery password | D6: System blocks restore with incorrect recovery password | E6: Wallet backup exists on cloud | F6: 1. Start restore flow 2. Enter incorrect recovery password 3. Submit | G6: Incorrect recovery password | H6: Restore fails securely with clear message and no wallet access is granted | I6: High | J6: Negative | L6: Not Run
A7: BKP-005 | B7: Backup & Recovery | C7: Single-device access | D7: Restoring wallet on a new device enforces single-device login behavior | E7: Wallet already active on old device | F7: 1. Restore wallet on new device 2. Try opening or using wallet on old device | G7: Restored wallet on new device | H7: Old device access is invalidated or blocked per single-device policy | I7: High | J7: Negative | L7: Not Run
A8: BKP-006 | B8: Backup & Recovery | C8: Missing backup dependency | D8: System handles missing cloud account / revoked storage permission during restore | E8: User begins restore without valid cloud access | F8: 1. Start restore flow 2. Disconnect cloud account or deny access 3. Continue | G8: No cloud access | H8: System shows controlled error and restore cannot proceed until backup dependency is restored | I8: Medium | J8: Negative | L8: Not Run
A9: BKP-007 | B9: Backup & Recovery | C9: Recovery data integrity | D9: Backup artifacts cannot be reused with altered or corrupted recovery data | E9: Corrupted backup test data is available | F9: 1. Initiate restore using corrupted or mismatched backup data 2. Continue restore | G9: Corrupted backup artifact | H9: System rejects invalid backup artifact and keeps wallet inaccessible | I9: Medium | J9: Negative | L9: Not Run

Sheet 30_Security_Access
A1: Security & Access — Manual Test Cases
A2: Test Case ID | B2: Module | C2: Submodule | D2: Scenario / Title | E2: Preconditions | F2: Test Steps | G2: Test Data | H2: Expected Result | I2: Priority | J2: Type | K2: Actual Result | L2: Status | M2: Tested By | N2: Test Date | O2: Defect ID / Notes
A3: SEC-001 | B3: Security & Access | C3: Wallet lock | D3: Wallet requires app/device authentication before exposing sensitive wallet actions | E3: Wallet exists and app lock is enabled | F3: 1. Open wallet 2. Attempt Send / Backup Management / other sensitive action | G3: Authenticated user with lock enabled | H3: Sensitive wallet action requires configured device authentication before proceeding | I3: High | J3: Positive | L3: Not Run
A4: SEC-002 | B4: Security & Access | C4: Session timeout | D4: Wallet returns to protected state after idle session timeout or app backgrounding | E4: Wallet exists and user opens wallet successfully | F4: 1. Access wallet 2. Leave app idle or move app to background 3. Return and attempt sensitive action | G4: Idle session | H4: System requests re-authentication based on security policy | I4: Medium | J4: Positive | L4: Not Run
A5: SEC-003 | B5: Security & Access | C5: Unauthorized device | D5: Wallet access is blocked on untrusted device state such as rooted / jailbroken or unsupported security environment | E5: Security policy test environment available | F5: 1. Launch wallet in insecure environment 2. Attempt sensitive workflow | G5: Insecure device state | H5: System warns or blocks high-risk wallet operations according to security policy | I5: Medium | J5: Negative | L5: Not Run
A6: SEC-004 | B6: Security & Access | C6: Recovery password confidentiality | D6: Recovery password is never displayed in plain text after setup and is not recoverable from wallet UI | E6: Wallet already configured | F6: 1. Navigate wallet settings 2. Search for recovery password display options | G6: Configured wallet | H6: UI never reveals stored recovery password in plain text | I6: High | J6: Negative | L6: Not Run
A7: SEC-005 | B7: Security & Access | C7: Brute-force resistance | D7: Repeated wrong recovery or confirmation attempts are rate-limited or handled safely | E7: Wallet restore or protected action is available | F7: 1. Enter wrong secret multiple times 2. Observe error handling | G7: Repeated invalid attempts | H7: System throttles, blocks, or otherwise handles repeated failures without exposing sensitive data | I7: High | J7: Negative | L7: Not Run
A8: SEC-006 | B8: Security & Access | C8: Auditability of failure | D8: Protected action failure returns actionable but non-sensitive error information for investigation | E8: Wallet action fails due to auth issue | F8: 1. Trigger authentication failure 2. Observe UI / logs / error payload if available | G8: Expired or invalid auth context | H8: Error message is actionable for QA/support but does not leak sensitive wallet material | I8: Medium | J8: Negative | L8: Not Run

Sheet 40_Assets_Networks
A1: Assets & Networks — Manual Test Cases
A2: Test Case ID | B2: Module | C2: Submodule | D2: Scenario / Title | E2: Preconditions | F2: Test Steps | G2: Test Data | H2: Expected Result | I2: Priority | J2: Type | K2: Actual Result | L2: Status | M2: Tested By | N2: Test Date | O2: Defect ID / Notes
A3: AST-001 | B3: Assets & Networks | C3: Asset visibility | D3: Supported wallet assets display correctly after wallet creation or funding | E3: Wallet exists and has funded assets or test balances | F3: 1. Open wallet assets page 2. Review token list and balances | G3: Wallet with known token balances | H3: Asset names, symbols, balances, and networks are displayed accurately | I3: High | J3: Positive | L3: Not Run
A4: AST-002 | B4: Assets & Networks | C4: Receive address | D4: User can view and copy receive address for selected token/network | E4: Wallet exists | F4: 1. Tap Receive 2. Select token and network 3. Copy or display address / QR | G4: Supported token and network | H4: System shows correct receive address / QR for selected network | I4: High | J4: Positive | L4: Not Run
A5: AST-003 | B5: Assets & Networks | C5: Network mismatch prevention | D5: System warns when user selects incompatible token/network combination for receive guidance | E5: Wallet exists | F5: 1. Open Receive 2. Change token / network combination to unsupported mapping if possible | G5: Unsupported token/network mapping | H5: System blocks or warns against incompatible network usage | I5: High | J5: Negative | L5: Not Run
A6: AST-004 | B6: Assets & Networks | C6: Precision display | D6: Wallet displays token balances and fiat equivalents with correct precision and rounding rules | E6: Wallet contains tokens with many decimals | F6: 1. Open assets page 2. Compare displayed value with source data | G6: High-precision token balance | H6: Displayed balances are rounded correctly without losing material accuracy | I6: Medium | J6: Positive | L6: Not Run
A7: AST-005 | B7: Assets & Networks | C7: Refresh / sync | D7: Wallet refresh updates balances after on-chain change without stale duplicated entries | E7: Wallet balance changes externally | F7: 1. Trigger external inbound transfer or mock balance change 2. Refresh wallet | G7: Known balance delta | H7: Updated balances appear correctly and stale values clear | I7: High | J7: Positive | L7: Not Run
A8: AST-006 | B8: Assets & Networks | C8: Unknown / unsupported token handling | D8: Wallet handles unsupported token or hidden token gracefully | E8: Unsupported token interaction path is available | F8: 1. Attempt to view or import unsupported token 2. Observe response | G8: Unsupported token | H8: System handles case gracefully without crash or misleading balance display | I8: Medium | J8: Negative | L8: Not Run

Sheet 50_Send_Receive
A1: Send & Receive — Manual Test Cases
A2: Test Case ID | B2: Module | C2: Submodule | D2: Scenario / Title | E2: Preconditions | F2: Test Steps | G2: Test Data | H2: Expected Result | I2: Priority | J2: Type | K2: Actual Result | L2: Status | M2: Tested By | N2: Test Date | O2: Defect ID / Notes
A3: TXN-001 | B3: Send & Receive | C3: Successful send | D3: User can send supported token to valid address on matching network | E3: Wallet has enough token balance and gas balance | F3: 1. Tap Send 2. Select token and network 3. Enter valid recipient address 4. Enter amount 5. Confirm transaction | G3: Valid recipient, sufficient balance | H3: Transaction is submitted successfully and pending / confirmed state is visible | I3: High | J3: Positive | L3: Not Run
A4: TXN-002 | B4: Send & Receive | C4: Send to Binance deposit address | D4: User can send token from wallet to Binance Exchange deposit address | E4: Wallet has sufficient token and gas balance | F4: 1. Tap Send 2. Select token / network 3. Choose Binance Deposit Address 4. Confirm amount and submit | G4: Valid exchange deposit address | H4: Transaction submits successfully and appears in wallet history | I4: High | J4: Positive | L4: Not Run
A5: TXN-003 | B5: Send & Receive | C5: Invalid address | D5: System rejects malformed or clearly invalid recipient address | E5: Wallet has token balance | F5: 1. Start Send 2. Enter malformed address 3. Continue | G5: Malformed wallet address | H5: Validation error is shown and submission is blocked | I5: High | J5: Negative | L5: Not Run
A6: TXN-004 | B6: Send & Receive | C6: Insufficient balance | D6: System prevents send when token amount or gas balance is insufficient | E6: Wallet has low balance | F6: 1. Start Send 2. Enter amount above available balance or without enough gas 3. Continue | G6: Amount > available balance | H6: Send is blocked with clear insufficient-balance message | I6: High | J6: Negative | L6: Not Run
A7: TXN-005 | B7: Send & Receive | C7: Failed on-chain execution | D7: Failed transaction is reflected correctly and gas fee behavior is handled per network rule | E7: Wallet submits transaction expected to fail on-chain | F7: 1. Submit transaction that fails on-chain 2. Monitor status and fees | G7: Failure-inducing transaction | H7: Wallet shows failed status; if transaction executed but failed, gas fee is still charged | I7: High | J7: Negative | L7: Not Run
A8: TXN-006 | B8: Send & Receive | C8: Duplicate submission prevention | D8: System prevents accidental duplicate send caused by rapid repeated confirmation | E8: Wallet is on final confirmation page | F8: 1. Tap confirm multiple times quickly 2. Observe submission count | G8: Rapid repeated taps | H8: Only one transaction is submitted or duplicates are clearly prevented | I8: High | J8: Negative | L8: Not Run
A9: TXN-007 | B9: Send & Receive | C9: Receive confirmation | D9: Inbound transfer to displayed address is credited and shown in history after network confirmation | E9: Wallet receive address is known | F9: 1. Send supported token from external source 2. Wait for confirmation 3. Refresh wallet | G9: Valid inbound transfer | H9: Balance and history update correctly after required confirmations | I9: High | J9: Positive | L9: Not Run

Sheet 60_DApp_Signing
A1: dApp Connection & Signing — Manual Test Cases
A2: Test Case ID | B2: Module | C2: Submodule | D2: Scenario / Title | E2: Preconditions | F2: Test Steps | G2: Test Data | H2: Expected Result | I2: Priority | J2: Type | K2: Actual Result | L2: Status | M2: Tested By | N2: Test Date | O2: Defect ID / Notes
A3: DAP-001 | B3: dApp Connection & Signing | C3: Connect to supported dApp | D3: User can connect wallet to supported dApp from Web3 flow | E3: Wallet exists and dApp is reachable | F3: 1. Open supported dApp 2. Select Connect Wallet 3. Choose Binance Wallet 4. Approve connection | G3: Supported dApp | H3: Wallet connects successfully and dApp reflects connected account | I3: High | J3: Positive | L3: Not Run
A4: DAP-002 | B4: dApp Connection & Signing | C4: Reject wallet connection | D4: User can reject wallet connection request without side effects | E4: Wallet exists and dApp prompts connection | F4: 1. Trigger wallet connection request 2. Reject request | G4: Connection request | H4: dApp remains disconnected and wallet state is unchanged | I4: Medium | J4: Negative | L4: Not Run
A5: DAP-003 | B5: dApp Connection & Signing | C5: Transaction signing approval | D5: User can review and approve transaction signing request from dApp | E5: Wallet connected to dApp with valid transaction request | F5: 1. Initiate dApp transaction 2. Review transaction details 3. Approve signing | G5: Valid transaction request | H5: Signing request shows essential details and approved transaction proceeds to submission | I5: High | J5: Positive | L5: Not Run
A6: DAP-004 | B6: dApp Connection & Signing | C6: Transaction signing rejection | D6: User can reject dApp signing request safely | E6: Wallet connected to dApp | F6: 1. Initiate dApp transaction 2. Reject signing prompt | G6: Valid transaction request | H6: Transaction is not sent and dApp receives rejection / cancellation response | I6: High | J6: Negative | L6: Not Run
A7: DAP-005 | B7: dApp Connection & Signing | C7: Opaque contract warning | D7: Wallet warns or at least presents readable details when signing high-risk or opaque contract interactions | E7: Wallet connected to dApp issuing complex contract request | F7: 1. Trigger complex contract interaction 2. Review signing prompt | G7: Contract call request | H7: Prompt provides enough detail or warning for informed user decision | I7: High | J7: Negative | L7: Not Run
A8: DAP-006 | B8: dApp Connection & Signing | C8: Disconnect dApp | D8: User can disconnect wallet from previously connected dApp | E8: Wallet has active dApp connection | F8: 1. Open connected dApp or wallet session management 2. Disconnect wallet | G8: Active dApp connection | H8: Connection is removed and further dApp actions require reconnection | I8: Medium | J8: Positive | L8: Not Run

Sheet 70_E2E
A1: End-to-End Web3 Wallet Scenarios — Manual Test Cases
A2: Test Case ID | B2: Module | C2: Submodule | D2: Scenario / Title | E2: Preconditions | F2: Test Steps | G2: Test Data | H2: Expected Result | I2: Priority | J2: Type | K2: Actual Result | L2: Status | M2: Tested By | N2: Test Date | O2: Defect ID / Notes
A3: E2E-001 | B3: E2E Scenarios | C3: Create and receive | D3: Create wallet, complete backup, obtain receive address, and receive inbound token successfully | E3: Clean user account with supported app/device | F3: 1. Create wallet 2. Complete backup 3. Open Receive 4. Select token/network 5. Send inbound test transfer 6. Refresh and verify balance/history | G3: Valid test token transfer | H3: User can complete full setup-to-receive journey successfully | I3: High | J3: Positive | L3: Not Run
A4: E2E-002 | B4: E2E Scenarios | C4: Create and send | D4: Create wallet, fund wallet, and send token to valid external address | E4: Clean account and funded wallet | F4: 1. Create wallet 2. Complete backup 3. Fund wallet 4. Start Send 5. Enter valid address and amount 6. Confirm transaction | G4: Valid recipient and sufficient balances | H4: End-to-end send transaction completes and history/status are accurate | I4: High | J4: Positive | L4: Not Run
A5: E2E-003 | B5: E2E Scenarios | C5: Restore and continue activity | D5: Restore wallet on new device and continue wallet activity with old device blocked | E5: Wallet exists with backup and funds | F5: 1. Restore wallet on new device 2. Verify old device access policy 3. Open wallet on new device 4. Perform receive or send action | G5: Valid restore credentials | H5: Wallet restores correctly, old device is blocked per policy, and user can continue activity on new device | I5: High | J5: Positive | L5: Not Run
A6: E2E-004 | B6: E2E Scenarios | C6: dApp interaction | D6: Connect wallet to dApp and approve transaction with correct wallet updates | E6: Wallet exists and supported dApp available | F6: 1. Connect wallet to dApp 2. Initiate transaction 3. Review details 4. Approve signing 5. Verify wallet history / asset change | G6: Supported dApp transaction | H6: dApp flow completes and resulting wallet state matches transaction outcome | I6: High | J6: Positive | L6: Not Run
A7: E2E-005 | B7: E2E Scenarios | C7: Failure handling | D7: System safely handles failed transaction, preserves access, and reports correct status and fee impact | E7: Wallet has funds and failure scenario available | F7: 1. Submit transaction expected to fail 2. Observe status 3. Verify fee and balances 4. Retry with corrected input | G7: Failure-inducing transaction | H7: Failed status is visible, fee handling is accurate, wallet remains usable, and corrected retry can proceed | I7: High | J7: Negative | L7: Not Run
